[


 {
  
   
  
  "Name": "lecturer",
  "Title": "Academic Lecturer Jobs Africa",
  "Description": " View the list of open positions for lecturers in higher education on our website to learn more about Lecturer Academic Jobs Africa.  ",
  "Keyword": "Lecturer Academic Jobs Africa",
  "content": "Visit Lecturer Academic Jobs Africa to see all of the available lecture roles. Being a professor in an academic setting will afford you access to first-rate facilities and resources, the chance to work with some of the most creative minds in your field, and the ability to communicate with partners both locally and internationally. Not only does Lecturer Academic Jobs Africa offer a comfortable work atmosphere and plenty of amenities, but it also offers many fantastic advantages, like a reasonable income."
},
 {

  "Name": "research",
  "Title": "Academic Research Jobs Africa",
  "Description": "Are you satisfied with solving problems that you see in the real world and coming up with new concepts? If this is the case, it looks like one of the top institutions is hiring, therefore you could like to apply for a researcher position offered on Research Academic Jobs Africa.",
  "Keyword": "Academic Research Jobs Africa",
  "content": "Academic experts with a creative and inventive work style can work in larger teams on more complex projects. Research Academic Jobs Africa requires a PhD or comparable degree in addition to the necessary experience and expertise in data analysis, research, and communication. Research Academic Jobs Africa offers outreach, teaching, and monitoring, depending on the type of contract and its purpose."
 },
 
 {   
  "break1": true,   
  "Name": "professor",
  "Title": "Academic Professor Jobs Africa",
  "Description": "Professor Academic Jobs Africa may provide a broad range of specialisations and subjects, contingent upon the organisation and level of expertise.",
  "Keyword": "Academic Professor Jobs Africa",
  "content": "Numerous academic fields, including as engineering, computer science, medicine, chemistry, and law, are home to Professor Academic Jobs Africa. Teaching, overseeing employees and students, carrying out in-depth original research, publishing in books and academic journals, submitting grant and funding applications, working with other academics and institutions, interacting with businesses and the community, and participating in academic governance and administration are all included in Professor Academic Jobs Africa positions."
 },
 {
  "Name": "executive",
  "Title": "Academic Executive Jobs Africa",
  "Description": "You will be able to work with knowledgeable and dedicated instructors, students, alumni, and other interested parties to support Executive Academic Jobs Africa's goals and objectives.  ",
  "Keyword": "Academic Executive Jobs Africa",
  "content": "Executive academic roles in African higher education involve overseeing, directing, and providing advice for a certain academic department or function. Establish the aims and objectives of the unit or function. manage the financial and personnel resources of the division. manage educational initiatives and activities. Take care to follow certain guidelines when conducting research and offering advice. Students and professionals alike may receive support and encouragement from Executive Academic Jobs Africa."
 },
 {
  "break1": true,   
  "Name": "admin",
  "Title": "Academic Admin Jobs Africa",
  "Description": "Through Admin and Support Academic Jobs Africa, you may work with a bright and diverse staff by exhibiting your company's innovative practises and academic standards.   ",
  "Keyword": "Academic Admin Jobs Africa",
  "content": "To be considered for the position, candidates must have professional experience in administrative or support academic jobs in Africa, as well as a degree or higher certification in business administration or a comparable discipline. Strong interpersonal, communication, organisational, and problem-solving abilities are required for administrative and support roles at Academic Jobs Africa. Higher education policies and processes, as well as relevant laws and regulations, must be known by academic administrators and support staff."
   
},
 
 {
  "Name": "hr",
  "Title": "Academic HR Jobs Africa",
  "Description": "Candidates must have successfully completed a bachelor's degree programme in human resources management or a closely related discipline in order to be considered for Human Resources Academic Jobs Africa.",
  "Keyword": "Academic HR Jobs Africa",
  "content": "Academic Jobs Africa is primarily concerned with the management and administration of human resources in postsecondary educational institutions. Recruitment, payroll, benefits, training and development, and compliance are all under the purview of HR at Academic Jobs Africa. Academic goals are outlined in job descriptions for academic human resources; these objectives must be considered while developing and implementing HR policies and procedures."
 },
 {
  "break1": true,   
  "Name": "student",
  "Title": "Academic Student Jobs Africa",
  "Description": "While studying college, are you looking for a career that is flexible and fulfilling? Look through the hundreds of student job ads your school has available in a variety of departments and areas. Apply now to obtain invaluable skills and job experience at Student Jobs on Campus Africa. ",
  "Keyword": "Student jobs on campus Africa",
  "content": "In several departments of research institutes and universities, students may be required to work irregular or part-time hours. Students may improve their academic and social networks, make money, gain real-world work experience, and hone their employability skills by working as academic assistants on campus. In Africa, jobs for students include teaching, research, customer service, marketing, event organising, libraries, offices, and information technology."
   

 }
 
 
]
 