[


 {
  
   
  
  "Name": "lecturer",
  "Title": "Academic Lecturer Jobs Asia",
  "Description": "For further information on Lecturer Academic Jobs Asia, view our website's list of available vacancies for lecturers in higher education.  ",
  "Keyword": "Lecturer Academic Jobs Asia",
  "content": "For a list of all open lecture positions, go to Lecturer Academic Jobs Asia. You may collaborate with some of the most innovative minds in your area, have access to top-notch facilities and resources, and connect with partners both domestically and abroad as a professor in an academic context. Lecturer Academic Jobs Asia provide many wonderful benefits, such as a competitive salary, in addition to a cosy work environment and lots of facilities."
},
 {

  "Name": "research",
  "Title": "Academic Research Jobs Asia",
  "Description": "Are you content to come up with fresh thoughts and solve problems that you observe in the actual world? If so, it appears that one of the best universities is recruiting, therefore you might want to apply for the researcher position posted on Research Academic Jobs Asia.",
  "Keyword": "Academic Research Jobs Asia",
  "content": "More difficult projects can be worked on in bigger teams by academic specialists who possess a creative and original work style. In addition to the requisite experience and expertise in data analysis, research, and communication, Research Academic Jobs Asia also demands a PhD or equivalent degree. Depending on the kind of contract and its objectives, Research Academic Jobs Asia provides outreach, teaching, and monitoring."
 },
 
 {   
  "break1": true,   
  "Name": "professor",
  "Title": "Academic Professor Jobs Asia",
  "Description": "A wide number of specialisations and disciplines may be offered by Professor Academic Jobs Asia, depending on the company and degree of experience. ",
  "Keyword": "Academic Professor Jobs Asia",
  "content": "Professor Academic Jobs Asia are located in a wide range of academic disciplines, such as engineering, computer science, medicine, chemistry, and law. Posts listed under Professor Academic Jobs Asia include teaching, supervising staff and students, conducting in-depth original research, publishing in books and academic journals, applying for grants and funding, collaborating with other academics and institutions, engaging with businesses and the community, and taking part in academic governance and administration."
 },
 {
  "Name": "executive",
  "Title": "Academic Executive Jobs Asia",
  "Description": "In order to promote Executive Academic Jobs Asia's aims and objectives, you will have the opportunity to collaborate with competent and committed teachers, students, alumni, and other interested parties. ",
  "Keyword": "Academic Executive Jobs Asia",
  "content": "In Asian higher education, executive academic positions entail managing, leading, and giving counsel for a particular academic division or function. Decide on the unit's or function's goals and objectives. oversee the division's human and financial resources. oversee educational programmes and projects. When you do research and give recommendations, be sure to adhere to specific rules. Executive Academic Jobs Asia provides assistance and encouragement to both professionals and students."
 },
 {
  "break1": true,   
  "Name": "admin",
  "Title": "Academic Admin Jobs Asia",
  "Description": "Through the presentation of your organization's innovative processes and academic standards, you may work with a bright and diverse team at Admin and Support Academic Jobs Asia.   ",
  "Keyword": "Academic Admin Jobs Asia",
  "content": "Candidates must hold a degree or higher certification in business administration or a related field, as well as professional experience in administrative or support academic roles in Asia, in order to be considered for the role. Academic Jobs Asia requires strong interpersonal, communication, organisational, and problem-solving skills for administrative and support positions. Academic administrators and support personnel need to be aware of applicable laws and regulations, as well as higher education policies and procedures."
   
},
 
 {
  "Name": "hr",
  "Title": "Academic HR Jobs Asia",
  "Description": "To be eligible for Human Resources Academic Jobs Asia, candidates must be graduates of a bachelor's study in human resources management or a closely connected field. ",
  "Keyword": "Academic HR Jobs Asia",
  "content": "Postsecondary educational institutions' management and administration of human resources is the main focus of Academic Jobs Asia. HR at Academic Jobs Asia is in charge of hiring, paying employees, providing benefits, overseeing training and development, and maintaining compliance. Job descriptions for academic human resources include academic aims; these objectives must be taken into account when creating and executing HR policies and procedures."
 },
 {
  "break1": true,   
  "Name": "student",
  "Title": "Academic Student Jobs Asia",
  "Description": "Seeking a flexible and satisfying profession while attending college? Examine the hundreds of student job postings in many departments and fields that are available at your institution. Apply today at Student Jobs on Campus Asia to get priceless skills and work experience. ",
  "Keyword": "Student jobs on campus Asia",
  "content": "Some departments at universities and research institutions may ask their students to work sporadic or part-time hours. Working as academic assistants on campus allows students to enhance their academic and social networks, earn money, obtain practical job experience, and sharpen their employability skills. Teaching, research, customer service, marketing, event planning, libraries, offices, and information technology are among the careers available to students in Asia."
   

 }
 
 
]
 