[


 {
  
   
  
  "Name": "lecturer",
  "Title": "Academic Lecturer Jobs Canada",
  "Description": "To find out more about Lecturer Academic Jobs Canada, peruse the list of available vacancies for lecturers in higher education on our website.  ",
  "Keyword": "Lecturer Academic Jobs Canada ",
  "content": "To view all of the open lecture positions, visit Lecturer Academic Jobs Canada. Being an academic professor will provide you access to top-notch facilities and resources, the opportunity to collaborate with some of the most innovative minds in your profession, and the capacity to interact with partners both domestically and abroad. Working at Lecturer Academic Jobs Canada has many wonderful benefits, such as a respectable wage, in addition to a pleasant work environment and lots of facilities."
},
 {

  "Name": "research",
  "Title": "Academic Research Jobs Canada",
  "Description": "Are you content to solve issues that you observe in the actual world and to come up with fresh ideas? If this is the case, you might like to apply for a researcher position posted on Research Academic Jobs Canada since it appears that one of the top universities is recruiting.",
  "Keyword": "Academic Research Jobs Canada",
  "content": "Scholarly specialists who are innovative and creative in their work may collaborate in larger teams on more ambitious initiatives. In addition to the requisite experience and knowledge in data analysis, methodology, and communication, Research Academic Jobs Canada also demands a PhD or similar degree. Depending on the kind of contract and its function, Research Academic Jobs Canada offers outreach, teaching, and monitoring."
 },
 
 {   
  "break1": true,   
  "Name": "professor",
  "Title": "Academic Professor Jobs Canada",
  "Description": "Depending on the company and degree of experience, Professor Academic Jobs Canada may provide a wide choice of specialisations and disciplines. ",
  "Keyword": "Academic Professor Jobs Canada",
  "content": "Professor Academic Jobs Canada are available in a variety of academic disciplines, including engineering, computer science, medicine, chemistry, and law. Professor Academic Jobs Canada positions include teaching, supervising staff and students, conducting rigorous original research, publishing in books and academic journals, applying for grants and funding, collaborating with other academics and institutions, engaging with businesses and the community, and taking part in academic governance and administration."
 },
 {
  "Name": "executive",
  "Title": "Academic Executive Jobs Canada",
  "Description": "You will be able to support Executive Academic Jobs Canada's aims and objectives by collaborating with skilled and committed educators, students, alumni, and other interested parties. ",
  "Keyword": "Academic Executive Jobs Canada",
  "content": "In Canadian higher education, executive academic positions entail managing, leading, and giving guidance for a particular academic department or function. Decide on the unit's or function's goals and objectives. oversee the division's human and financial resources. oversee projects and activities related to education. Be careful you adhere to certain criteria when doing research and providing guidance. Executive Academic Jobs Canada provides assistance and encouragement to both professionals and students."
 },
 {
  "break1": true,   
  "Name": "admin",
  "Title": "Academic Admin Jobs Canada",
  "Description": "By showcasing your company's cutting-edge procedures and academic standards, you may collaborate with a talented and varied workforce at Admin and Support Academic Jobs Canada.  ",
  "Keyword": "Academic Admin Jobs Canada",
  "content": "Candidates must hold a degree or higher certification in business administration or a related field and have professional experience in administrative or support academic roles in Canada in order to be considered for the role. At Academic Jobs Canada, strong interpersonal, communication, organisational, and problem-solving skills are prerequisites for administrative and support positions. Academic administrators and support personnel need to be aware of applicable laws and regulations, as well as higher education policies and procedures."
   
},
 
 {
  "Name": "hr",
  "Title": "Academic HR Jobs Canada",
  "Description": "In order to be eligible for Human Resources Academic Jobs Canada, candidates must have completed a bachelor's degree programme in human resources management or a closely connected field. ",
  "Keyword": "Academic HR Jobs Canada",
  "content": "Academic Jobs Canada's main focus is on postsecondary educational institutions' management and administration of human resources. HR is responsible for hiring, payroll, benefits, training & development, and compliance at Academic Jobs Canada. Academic human resources job descriptions specify the academic aims of your firm; these goals must be taken into account when creating and executing HR policies and procedures."
 },
 {
  "break1": true,   
  "Name": "student",
  "Title": "Academic Student Jobs Canada",
  "Description": "Trying to find a flexible, satisfying job while attending college? Examine the hundreds of student job postings in many departments and fields that are available at your institution. Apply now at Student Jobs on Campus Canada to get priceless skills and work experience. ",
  "Keyword": "Student jobs on campus Canada",
  "content": "Students in research institutions and universities may have to work part-time or irregular hours in many departments. Working as academic assistants on campus allows students to enhance their academic and social networks, earn money, obtain practical job experience, and sharpen their employability skills. Students in Canada work in offices, libraries, research, customer service, marketing, event planning, information technology, teaching, and other campus occupations."
   

 }
 
 
]
 