[


 {
  
   
  
  "Name": "melbourne",
  "Title": "Academic Jobs Melbourne",
  "Description": "Whether you are an experienced researcher, a passionate teacher, or a talented professional, you can find your ideal opportunity among the hundreds of academic jobs available in Melbourne.",
  "Keyword": "Academic Jobs Melbourne, Uni jobs Melbourne",
  "content": "Academic Jobs Melbourne is home to some of the top uni jobs in Australia and the world, such as the University of Melbourne, Monash University, RMIT University, Deakin University, and more. These institutions offer a diverse range of academic disciplines, from arts and humanities to engineering and technology, from medicine and health sciences to business and economics. You can join their vibrant and innovative academic communities and contribute to their excellence in lecturing, research, education, and engagement."
},
 {

  "Name": "sydney",
  "Title": "Academic Jobs Sydney",
  "Description": "As an academic in Sydney, you will also enjoy a high quality of life, with access to world-class facilities, cultural events, natural attractions, and public transport.",
  "Keyword": "Academic Jobs Sydney, Uni jobs Sydney",
  "content": "Some of Australia's and the world's best institutions, including the University of Sydney, UNSW Sydney, Macquarie University, UTS, and others, are located in Sydney. Numerous uni jobs are offered by these schools, ranging from the social sciences and arts to science and engineering, as well as health and medical, law, and business. You may become a part of their exceptional, cooperative academic communities and support their superiority in impact, research, lecturing and teaching."
},
 
 {   
  "break1": true,   
  "Name": "brisbane",
  "Title": "Academic Jobs Brisbane",
  "Description": "If you are ready to take the next step in your academic career, browse the latest academic jobs in Brisbane on our website.  ",
  "Keyword": "Academic Jobs Brisbane, Uni jobs Brisbane",
  "content": "Queensland University of Technology, Griffith University, The University of Queensland, and other prestigious universities in Australia and the globe are on in Academic Jobs Brisbane. These Uni jobs provide a wide range of academic programmes, including science, engineering, health and medical, law, and business. To support their brilliance in research, teaching, and impact, you can become a member of their outstanding and cooperative academic communities."
 },

 {   
  "break1": true,   
  "Name": "gold coast",
  "Title": "Academic Jobs Gold Coast",
  "Description": "Don’t miss this chance to work in one of the best academic environments in the world. Apply now for your dream academic job in Gold Coast! ",
  "Keyword": "Academic Jobs Gold Coast, Uni jobs Gold Coast",
  "content": "Renowned Australian and international universities, including Bond University, Griffith University, Southern Cross University, and others, are located in the Gold Coast. From the humanities and arts to science and engineering, from health and medicine to law and business, these universities provide a broad range of academic specialisations. Joining their outstanding and cooperative uni jobs will allow you to support their outstanding influence, teaching, lecturing, and research."

  
 },



 {

  "Name": "canberra",
  "Title": "Academic Jobs Canberra",
  "Description": "Whether you are a senior scholar, a junior researcher, or a professional educator, you can find your ideal opportunity among the hundreds of academic jobs available in Canberra.",
  "Keyword": "Academic Jobs Canberra, Uni jobs Canberra",
  "content": "The University of Canberra, the Australian Catholic University, the Australian National University, and other highly regarded universities are located in Canberra. From the humanities and arts to science and engineering, from health and medicine to law and business, these universities provide a broad range of academic specialisations. Joining their outstanding and cooperative academic communities will allow you to support their outstanding influence, teaching, and research."
},
 
 {   
  "break1": true,   
  "Name": "perth",
  "Title": "Academic Jobs Perth",
  "Description": " On Academic Jobs Perth You can filter by discipline, level, type, location, and more. You can also sign up for email alerts to get notified of new opportunities as they arise.  ",
  "Keyword": "Academic Jobs Perth",
  "content": "Perth is the location of some of the best institutions in the world, including Murdoch University, Curtin University, and the University of Western Australia. These universities provide a broad spectrum of academic programmes, spanning from business and law to science and engineering, health and medical, and the arts and humanities. To support their brilliance in research, teaching, and impact, you can become a member of their outstanding and cooperative academic communities."
 },

 {   
  "break1": true,   
  "Name": "adelaide",
  "Title": "Academic Jobs Adelaide",
  "Description": "Don’t miss this chance to work in one of the best academic environments in the world. Apply now for your dream academic job in Gold Coast! ",
  "Keyword": "Academic Jobs Adelaide",
  "content": "The University of Adelaide, Flinders University, the University of South Australia, and universities in Australia are in Adelaide. These universities provide a broad spectrum of academic programmes, spanning from business and law to science and engineering, health and medical, and the arts and humanities. To support their brilliance in research, teaching, and impact, you can become a member of their outstanding and cooperative academic communities."

  
 },


 {   
  "break1": true,   
  "Name": "singapore",
  "Title": "Academic Jobs Singapore",
  "Description": "As an academic in Singapore, you will also enjoy a high quality of life, with access to world-class facilities, cultural events, natural attractions, and public transport.",
  "Keyword": "Academic Jobs Singapore",
  "content": "Some of the best institutions in Asia and the globe, include Singapore Management University, Nanyang Technological University, and National University of Singapore. Numerous academic jobs are offered by these institutions, ranging from the humanities and arts to science and engineering, and from business and law to health and medical. You may become a part of their outstanding and cooperative academic communities and support their superior research, instruction, and impact."

  
 },

 {   
  "break1": true,   
  "Name": "london",
  "Title": "Academic Jobs London",
  "Description": "Apply now for your dream academic job in London, one of the best academic environments in the world.  ",
  "Keyword": "Academic Jobs london",
  "content": "Several of the best universities in the world and in the UK are located in London, including King's College London, University College London, and Imperial College London. These universities provide a broad spectrum of academic programmes, spanning from business and law to science and engineering, health and medical, and the arts and humanities. To support their brilliance in research, teaching, and impact, you can become a member of their outstanding and cooperative academic communities."

  
 },

 {   
  "break1": true,   
  "Name": "boston",
  "Title": "Academic Jobs Boston",
  "Description": "Discover our academic jobs in Boston, one of the most historic and cultured cities in the world and a leading hub of research and innovation. ",
  "Keyword": "Academic Jobs Boston",
  "content": "The best colleges careers in the US come from Harvard University, MIT, Boston University, located in Boston. Many academic jobs are offered by these schools, spanning from business and law to science and engineering, health and medical, and the arts and humanities. To support their brilliance in research, teaching, and impact, you can become a member of their outstanding and cooperative academic communities."

  
 },

 {   
  "break1": true,   
  "Name": "new york",
  "Title": "Academic Jobs New York",
  "Description": "Academic jobs in New York will make you part of a multicultural and cosmopolitan city that welcomes people from all backgrounds and walks of life.  ",
  "Keyword": "Academic Jobs New York",
  "content": "Columbia University, New York University, Cornell University, and other prestigious colleges are among the many universities that call New York home. These universities provide a broad spectrum of academic programmes, spanning from business and law to science and engineering, health and medical, and the arts and humanities. To support their brilliance in research, teaching, and impact, you can become a member of their outstanding and cooperative academic communities."

  
 },
 {   
  "break1": true,   
  "Name": "philadelphia",
  "Title": "Academic Jobs Philadelphia",
  "Description": " If you are ready to start or advance your academic career in Philadelphia, browse through our listings of jobs at universities and colleges in Philadelphia, PA. ",
  "Keyword": "Academic Jobs Philadelphia",
  "content": "Some of the most prominent and varied universities in USA, including Temple University, Drexel University, University of Pennsylvania, and many more, are located in Philadelphia. You may look at careers in a variety of industries and areas, including the social sciences, humanities, engineering, medical."

  
 },

 {   
  "break1": true,   
  "Name": "los angeles",
  "Title": "Academic Jobs Los Angeles",
  "Description": "View our job ads at Los Angeles's universities and colleges if you're prepared to begin or continue your academic career in the city.",
  "Keyword": "Academic Jobs Los Angeles",
  "content": "A centre of creativity and variety, Los Angeles, California is home to several esteemed universities, including UCLA, USC, Caltech, and others. The universities and colleges in Los Angeles, California, provide a broad variety of options in a number of topics and disciplines, including social sciences, humanities, science, technology, engineering, and mathematics."

  
 },

 {   
  "break1": true,   
  "Name": "new haven",
  "Title": "Academic Jobs New Haven",
  "Description": "Look through our job postings at New Haven's universities and colleges if you're prepared to begin or continue your academic career in New Haven.",
  "Keyword": "Academic Jobs New Haven",
  "content": "New Haven has a large number of esteemed universities, including Yale University, University of New Haven, Southern Connecticut State University. The universities and colleges in New Haven, Connecticut provide a wide range of possibilities in several sectors and disciplines, including law, business, health, and education."

  
 },


 {   
  "break1": true,   
  "Name": "cambridge",
  "Title": "Academic Jobs Cambridge",
  "Description": "See our listings of positions at Cambridge, Massachusetts universities and colleges if you're prepared to begin or continue your academic career. ",
  "Keyword": "Academic Jobs Cambridge",
  "content": "Cambridge, Massachusetts is a centre of innovation and brilliance, home to several esteemed and varied universities, including Harvard University, MIT, Tufts University, and others. The universities and colleges in Cambridge, Massachusetts provide a wide range of programmes in many subjects and specialisations, including computer science, engineering, biotechnology, humanities, and social sciences."

  
 },

 

 {   
  "break1": true,   
  "Name": "paris",
  "Title": "Academic Jobs Paris",
  "Description": "If you're prepared to begin or continue your academic career in Paris, visit our website to peruse our job postings at Paris-area institutions and colleges.  ",
  "Keyword": "Academic Jobs Paris",
  "content": "Paris is home to several well-known higher education institutions, including Sciences Po, École Polytechnique, Sorbonne University, and others. It is a city known for its variety and quality. The advantages of working in Paris include competitive pay, ample perks, and a friendly local community. "

  
 },


 {   
  "break1": true,   
  "Name": "hong kong",
  "Title": "Academic Jobs Hong Kong",
  "Description": "The advantages of working in Hong Kong include competitive pay, ample perks, and a friendly local society. ",
  "Keyword": "Academic Jobs Hong Kong",
  "content": "With several great universities, including the University of Hong Kong, the Hong Kong Polytechnic University, Lingnan University, Hong Kong is a hub for innovation and quality with their uni jobs. These institutions and colleges offer possibilities for you to support their purpose of high-quality teaching and research by working as faculty, staff, or administrators."

  
 },

 {   
  "break1": true,   
  "Name": "beijing",
  "Title": "Academic Jobs Beijing",
  "Description": "Go through our website's employment postings at Beijing's universities and colleges if you're prepared to begin or further your academic career in Beijing.  ",
  "Keyword": "Academic Jobs Beijing",
  "content": "Beijing is a centre of uni jobs, home to several esteemed universities, including Beijing Normal University, Tsinghua University, and Peking University. These universities and colleges provide possibilities for you to work as a faculty member, staff member, or administrator and support their purpose of offering top-notch instruction and research."

  
 },

 {   
  "break1": true,   
  "Name": "san francisco",
  "Title": "Academic Jobs San Francisco",
  "Description": "Are you trying to get a career in academia in San Francisco? If so, the possibilities described on this page may be of interest to you. ",
  "Keyword": "Academic Jobs San Francisco",
  "content": "A variety of academic positions from San Francisco's universities, such as the University of San Francisco (USF), the University of California, San Francisco (UCSF), and UC Berkeley Extension, have been gathered by us. These roles include research scientists, postdoctoral fellows, and full-time faculty posts in addition to part-time teaching roles. Regardless of whether you study public health, psychology, medicine, dentistry, or the life sciences."

  
 },

 {   
  "break1": true,   
  "Name": "seoul",
  "Title": "Academic Jobs Seoul",
  "Description": "Are you trying to get a career in academia in Seoul? Work at a highly regarded university that values quality, creativity, and innovation.",
  "Keyword": "Academic Jobs Seoul",
  "content": "Yonsei University, Korea University, Seoul National University (SNU), and other universities in Seoul have contributed positions in academia that we have listed. Part-time lecturers, postdoctoral researchers, research assistants, and full-time professorships are among these positions. A employment that fits your interests and capabilities can be found regardless of your subject of study—humanities, social sciences, natural sciences, engineering, or something else entirely.."

  
 },

 {   
  "break1": true,   
  "Name": "berlin",
  "Title": "Academic Jobs Berlin",
  "Description": "Are you in Berlin seeking employment in academia? Is working at a top-tier institution that values quality, innovation, and research what you want? The possibilities described on this page may be of interest to you if such is. ",
  "Keyword": "Academic Jobs Berlin",
  "content": "We have academic positions from the Technische Universität Berlin (TU), Humboldt-Universität zu Berlin (HU), and Freie Universität Berlin (FUB) among other Berlin-based universities. These positions include research assistants, postdoctoral researchers, and full-time professorships in addition to part-time lecturers, study—the humanities, social sciences, engineering, or natural sciences."

  
 },
 {   
  "break1": true,   
  "Name": "munich",
  "Title": "Academic Jobs Munich",
  "Description": "Are you seeking employment in academia in Munich? Do you want to be employed at a top institution that values quality, innovation, and research? If so, you may find the possibilities on this page interesting. ",
  "Keyword": "Academic Jobs Munich",
  "content": "We've put together uni jobs and academic positions from Munich's several institutions, such as Hochschule München (HM), Technische Universität München (TUM), and Ludwig-Maximilians-Universität München (LMU). These positions include postdoctoral research positions, research assistant positions, and full-time professorships in addition to part-time lecturers."

  
 },

 {   
  "break1": true,   
  "Name": "tokyo",
  "Title": "Academic Jobs Tokyo",
  "Description": "You will experience a high standard of living as an academic in Tokyo, thanks to your easy access to top-notch facilities, cultural events, scenic locales, and public transportation. ",
  "Keyword": "Academic Jobs Tokyo",
  "content": "Some of the best institutions in the world, including Keio University, Waseda University, and the University of Tokyo, are located in Tokyo. Numerous academic fields are offered by these schools, ranging from the humanities and arts to science and engineering, and from business and law to health and medical."

  
 },
 {   
  "break1": true,   
  "Name": "chicago",
  "Title": "Academic Jobs Chicago",
  "Description": "Check out the most recent academic jobs in Chicago on our website if you're prepared to advance in your academic career. ",
  "Keyword": "Academic Jobs Chicago",
  "content": "We have some of the best uni jobs in Chicago, including Northwestern University, Loyola University Chicago, and the University of Chicago. "

  
 },
 {   
  "break1": true,   
  "Name": "toronto",
  "Title": "Academic Jobs Toronto",
  "Description": "See our listings of positions at Cambridge, Massachusetts universities and colleges if you're prepared to begin or continue your academic career. ",
  "Keyword": "Academic Jobs Toronto",
  "content": "This page has academic jobs at the University of Toronto (U of T), Ryerson University, York University, and other Toronto-based universities. These positions include postdoctoral research positions, research assistant positions, and full-time professorships in addition to part-time lecturers. "

  
 },
 {   
  "break1": true,   
  "Name": "zurich",
  "Title": "Academic Jobs Zurich",
  "Description": "Are you seeking employment in academia in Zurich? Be employed at a top-tier institution that values quality, innovation, and research. ",
  "Keyword": "Academic Jobs Zurich",
  "content": "Our uni jobs from Zurich's universities are ETH Zurich, Zurich University, and Zurich University of Applied Sciences. In addition to part-time lecturers, these roles also include postdoctoral researchers, research assistants, and full-time professorships."

  
 },

 {   
  "break1": true,   
  "Name": "edinburgh",
  "Title": "Academic Jobs Edinburgh",
  "Description": "See our listings of positions at Cambridge, Massachusetts universities and colleges if you're prepared to begin or continue your academic career. ",
  "Keyword": "Academic Jobs Edinburgh",
  "content": "These colleges provide opportunities for you to work as administrators, staff members, or academics in order to further their mission of providing excellent education and research."

  
 },
 {   
  "break1": true,   
  "Name": "vancouver",
  "Title": "Academic Jobs Vancouver",
  "Description": "On this page, you will find the latest postings for academic jobs in Vancouver, sorted by date and category. You can filter the results by position type. ",
  "Keyword": "Academic Jobs Vancouver",
  "content": "Numerous universities in Vancouver provide a wide range of possibilities for researchers, educators, and administrators. You can work at Simon Fraser University, which is renowned for its cutting-edge instruction and community involvement, or at the University of British Columbia, which is among the top 20 public universities in the world. You may also look at other universities, such Yorkville University and University Canada West."

  
 },
 {   
  "break1": true,   
  "Name": "vienna",
  "Title": "Academic Jobs Vienna",
  "Description": "A CV or resume, a cover letter, and other supporting materials are required if you want to apply for a position in academia in Vienna. ",
  "Keyword": "Academic Jobs Vienna",
  "content": "At Vienna's several universities, there are numerous chances for researchers, educators, and administrators. One can find employment at the oldest and largest institution in the German-speaking world, the institution of Vienna, or at one of the top business schools in Europe, the Vienna University of Economics and Business. Other universities including the University of Applied Arts Vienna, the Medical University of Vienna, and others are other options for you to investigate."

  
 },
 {   
  "break1": true,   
  "Name": "brussels",
  "Title": "Academic Jobs Brussels",
  "Description": "More details on applying for academic positions in Brussels may be found on the websites of the individual universities. ",
  "Keyword": "Academic Jobs Brussels",
  "content": "There are several options available at various Brussels-based institutions for researchers, educators, and administrators. Either the Université Libre de Bruxelles (ULB), a renowned research institution that promotes academic independence and social responsibility, or the lively and contemporary Vrije Universiteit Brussel (VUB), which emphasises openness, diversity, and growth, are excellent places to work. Other universities like the Université Saint-Louis - Bruxelles and the KU Leuven Brussels Campus are other options for you to consider."

  
 },
 {   
  "break1": true,   
  "Name": "montreal",
  "Title": "Academic Jobs Montreal",
  "Description": "You will be able to connect with coworkers and collaborators who are as passionate about academic achievement as you are if you work in Montreal. ",
  "Keyword": "Academic Jobs Montreal",
  "content": "Many Montreal-area universities provide a wide range of possibilities for researchers, educators, and administrators alike. You can work at the largest French-speaking institution in North America, Université de Montréal, or McGill institution, one of the best universities in the world. You may also look at other establishments like Université du Québec à Montréal, Concordia University, and others."

  
 },
 {   
  "break1": true,   
  "Name": "barcelona",
  "Title": "Academic Jobs Barcelona",
  "Description": "The most recent academic job openings in Barcelona are listed below, arranged by category and date of posting.  ",
  "Keyword": "Academic Jobs Barcelona",
  "content": "Barcelona's universities provide a wide range of possibilities for researchers, educators, and administrators alike. Two of the best places to work are the Polytechnic University of Catalonia (UPC), a renowned school for science, engineering, and architecture, and the University of Barcelona (UB), the biggest and oldest university in the Spanish-speaking world1. Other academic establishments like Autonomous University of Barcelona and Pompeu Fabra University are also worth investigating."

  
 },
 {   
  "break1": true,   
  "Name": "san diego",
  "Title": "Academic Jobs San Diego",
  "Description": "You will require a CV or resume, a cover letter, and additional supporting documentation if you would want to apply for a teaching position in San Diego. ",
  "Keyword": "Academic Jobs San Diego",
  "content": "There are several possibilities available at various institutions in San Diego for researchers, educators, and administrators. One of the best institutions in the world, the University of California San Diego (UCSD), or San Diego State University (SDSU), a vibrant, cutting-edge institution that promotes growth, diversity, and openness, are both excellent places to work. Additionally, you might investigate other establishments like the California State University San Marcos (CSUSM), the University of San Diego (USD), and others."

  
 },
 {   
  "break1": true,   
  "Name": "amsterdam",
  "Title": "Academic Jobs Amsterdam",
  "Description": "Don't pass up this opportunity to grow professionally and have an influence in your industry. Look through Amsterdam's academic job listings now to discover your ideal position! ",
  "Keyword": "Academic Jobs Amsterdam",
  "content": "For managers, teachers, and researchers, different Amsterdam institutions provide a variety of alternatives. You can work at one of the largest and most prestigious universities in Europe, the University of Amsterdam (UvA), or at the innovative Vrije Universiteit Amsterdam (VU), which values diversity and social responsibility. It's also possible for you to look at other institutions, such as the Amsterdam University College and the Amsterdam University of Applied Sciences."

  
 },
 {   
  "break1": true,   
  "Name": "washington dc",
  "Title": "Academic Jobs Washington DC",
  "Description": "In the political and cultural hub of the United States, Washington, DC, are you seeking for an academic position? Academic Jobs has what you need. ",
  "Keyword": "Academic Jobs Washington DC",
  "content": "There are many options for scholars, teachers, and administrators among the several colleges in Washington, DC. George Washington University, one of the most prestigious and ancient universities in the country, is one possible place to work. One more is the American University, a thriving and diverse establishment that prioritises global engagement and social justice. Other colleges like Howard University, Georgetown University, and others are worth checking out."

  
 },
 {   
  "break1": true,   
  "Name": "copenhagen",
  "Title": "Academic Jobs Copenhagen",
  "Description": "Applying for a job in academics in Copenhagen requires a CV or resume, a cover letter, and other supporting documents.",
  "Keyword": "Academic Jobs Copenhagen",
  "content": "The universities in Copenhagen provide a plethora of opportunities for scholars, instructors, and administrators. You may work at the University of Copenhagen (UCPH), one of the oldest and most prestigious universities in Europe, or at the Technical University of Denmark (DTU), a leading hub for innovation, technology, and engineering. The Copenhagen Business School (CBS), the IT University of Copenhagen (ITU), and other institutions provide other possibilities for education."

  
 },
 {   
  "break1": true,   
  "Name": "stockholm",
  "Title": "Academic Jobs Stockholm",
  "Description": "Below is a list of the most current academic job vacancies in Stockholm, sorted by category and posting date. You may filter the results based on the discipline, position type, income range, and institution. ",
  "Keyword": "Academic Jobs Stockholm",
  "content": "Researchers, teachers, and administrators have several options at Stockholm's institutions. One has the choice of working at one of Sweden's largest and most prestigious universities, Stockholm University, or the Royal Institute of Technology (KTH), a leading university in engineering, science, and technology. You can also research other institutions, such as the Karolinska Institute and the Stockholm School of Economics."

  
 },
 {   
  "break1": true,   
  "Name": "glasgow",
  "Title": "Academic Jobs Glasgow",
  "Description": "Don't miss this chance to further your career and make a difference in your community. Look through Glasgow's academic job ads to find your dream career now! ",
  "Keyword": "Academic Jobs Glasgow",
  "content": "Glasgow's several institutions offer a plethora of opportunities for scholars, instructors, and administrators. One can choose to work at the University of Glasgow, one of the most prestigious and historically significant universities in the UK, or at Glasgow Caledonian Institution, a modern, socially aware organisation that promotes diversity and inclusion. You might also consider other institutions, such as the University of Strathclyde, the Glasgow School of Art, and others."

  
 },
 {   
  "break1": true,   
  "Name": "manchester",
  "Title": "Academic Jobs Manchester",
  "Description": "Seize the opportunity to progress professionally and leave a lasting impression in your industry. Look through the academic job listings in Manchester right now to get your ideal position!",
  "Keyword": "Academic Jobs Manchester",
  "content": "The universities in Manchester provide a multitude of opportunities for scholars, instructors, and administrators. The University of Manchester is among the most illustrious and historic establishments in the United Kingdom. As an alternative, you may work at Manchester Metropolitan University, a modern, multicultural organisation that values diversity and social responsibility greatly. You might also look at other institutions, such as the University of Salford, the University of Bolton, and others."

  
 },
 {   
  "break1": true,   
  "Name": "dublin",
  "Title": "Academic Jobs Dublin",
  "Description": "Dublin is a vibrant and cosmopolitan city that offers a high quality of life for its residents. It has a mild climate, a rich cultural and historical heritage, and a lively social and creative scene. ",
  "Keyword": "Academic Jobs Dublin",
  "content": "There are many opportunities for academics, lecturers, and administrators at the multiple institutions in Dublin. You can work at Trinity College Dublin, the oldest and most prestigious university in Ireland, or at University College Dublin, a modern, diverse organisation that encourages impact and achievement. You can also look at other universities, such as Dublin City University, the National University of Ireland Maynooth, and others."

  
 },
 {   
  "break1": true,   
  "Name": "taipei",
  "Title": "Academic Jobs Taipei",
  "Description": "Below are the most current job postings for academic roles in Taipei, organised by category and date. You may filter the results based on the discipline, position type, income range, and institution. ",
  "Keyword": "Academic Jobs Taipei",
  "content": "At the several universities in Taipei, there are plenty of options for academics, instructors, and administrators. Among the top institutions in Asia is National Taiwan University (NTU), and National Chengchi University (NCCU), a well-known institution for the social sciences and humanities, are two more options for employment1. Additionally, it is advisable to look at other universities, like Taipei Medical University (TMU), National Yang-Ming Chiao Tung University (NYCU), and others."

  
 },
 {   
  "break1": true,   
  "Name": "moscow",
  "Title": "Academic Jobs Moscow",
  "Description": "Don't miss this chance to further your career and make a difference in your sector. Browse academic job postings in Moscow right now to find the perfect opportunity!.. ",
  "Keyword": "Academic Jobs Moscow",
  "content": "Numerous Moscow-area universities provide numerous chances for researchers, educators, and administrators. One can choose to work at the Higher School of Economics, a cutting-edge institution that prioritises exceptional teaching and social impact, or at Lomonosov Moscow State University, the most esteemed and historically notable university in Russia. Additionally, you want to look at other institutions, such the Moscow Institute of Physics and Technology, the National Research University's Moscow Power Engineering Institute, and others."

  
 },
 {   
  "break1": true,   
  "Name": "atlanta",
  "Title": "Academic Jobs Atlanta",
  "Description": "Here is a list of the most recent academic job openings in Atlanta, arranged by posting date and category. The discipline, employment type, income range, and institution are among the filters you may use to refine the results.  ",
  "Keyword": "Academic Jobs Atlanta",
  "content": "At several Atlanta-area universities, there are numerous chances for administrators, instructors, and researchers. Georgia Institute of Technology is one of the best places to work in the world and is also one of the best universities in the world for liberal arts and health sciences. Emory University is another. In addition, you might consider other universities like Morehouse College, Georgia State University, and others."

  
 },
 {   
  "break1": true,   
  "Name": "houston",
  "Title": "Academic Jobs Houston",
  "Description": "Are you trying to get an academic career in academia in Houston, the diverse and energetic city? This view our jobs. ",
  "Keyword": "Academic Jobs Houston",
  "content": "Administrators, teachers, and researchers have opportunities at many Houston universities. Either the University of Houston, a dynamic and creative institution that prioritises impact and excellence, or Rice University, a prestigious university for the humanities, sciences, and engineering, are excellent places to work. Furthermore, you might look at other institutions such as Houston Baptist University, Texas Southern University, and so on."

  
 },
 {   
  "break1": true,   
  "Name": "milan",
  "Title": "Academic Jobs Milan",
  "Description": "For further information on how to apply for academic posts in Milan, see the websites of each university.",
  "Keyword": "Academic Jobs Milan",
  "content": "A range of possibilities are available at several institutions in Milan for researchers, teachers, and administrators. One of Italy's biggest and most esteemed colleges, the University of Milan, or the Polytechnic University of Milan, a preeminent establishment in the fields of engineering, design, and architecture, are both possibilities for employment. Other academic establishments including the Catholic University of the Sacred Heart, Bocconi University, and others are also worth investigating."

  
 },
 {   
  "break1": true,   
  "Name": "seattle",
  "Title": "Academic Jobs Seattle",
  "Description": "If you work in Seattle, you'll be able to connect with colleagues and collaborators who share your enthusiasm for academic success. ",
  "Keyword": "Academic Jobs Seattle",
  "content": "In Seattle's institutions, academics, educators, and administrators have a number of possibilities. One of the best colleges in the world, Georgia Institute of Technology, or a prominent university for the humanities and sciences, Emory University, are possible places for you to work. You might also check at other colleges and universities, such Morehouse College and Georgia State University."

  
 },
 {   
  "break1": true,   
  "Name": "pittsburgh",
  "Title": "Academic Jobs Pittsburgh",
  "Description": "In the innovative and bridge-building city of Pittsburgh, we have the academic jobs for you.  ",
  "Keyword": "Academic Jobs Pittsburgh",
  "content": "Pittsburgh's educational institutions provide a wide range of options for scholars, teachers, and administrators to select from. Two potential places for an internship are Carnegie Mellon University, a preeminent centre for computer science, engineering, and the arts, or the University of Pittsburgh, one of the oldest and most esteemed universities in the nation. Additionally, you could consider alternative establishments like Chatham University, Duquesne University, and so forth."

  
 },
 {   
  "break1": true,   
  "Name": "kyoto ",
  "Title": "Academic Jobs Kyoto",
  "Description": "In Kyoto, the city of culture and tradition, there are plenty of academic positions that can fit your dream career. ",
  "Keyword": "Academic Jobs Kyoto",
  "content": "Many Kyoto-based institutions provide a wide range of possibilities for researchers, educators, and administrators alike. One of the best institutions in Asia, Kyoto University, may be your place of employment. Another is Doshisha University, a contemporary, liberal institution that emphasises social responsibility and international interaction. Additional educational options include the Kyoto Institute of Technology, Ritsumeikan University, and others."

  
 }
 

 
 
 
 
]
 