[


 {
  
   
  
  "Name": "lecturer",
  "Title": "Academic Lecturer Jobs Europe",
  "Description": "Browse our website's list of open positions for lecturers in higher education to learn more about Lecturer Academic Jobs Europe.  ",
  "Keyword": "Lecturer Academic Jobs Europe",
  "content": "Go to Lecturer Academic Jobs Europe to see every lecture position that is available. Working as an academic professor will provide you access to first-rate facilities and resources, the chance to cooperate with some of the most creative minds in your field, and the ability to engage with partners both domestically and internationally. Aside from a nice work atmosphere and abundance of amenities, there are many great perks to working at Lecturer Academic Jobs Europe, including competitive salary."
},
 {

  "Name": "research",
  "Title": "Academic Research Jobs Europe",
  "Description": "Are you happy coming up with new ideas and finding solutions to problems that you see in the real world? If so, one of the best institutions may be hiring, and you might want to apply for a researcher position offered on Research Academic Jobs Europe.",
  "Keyword": "Academic Research Jobs Europe",
  "content": "Academic experts who possess creativity and originality in their work might work in larger groups on more ambitious projects. Research Academic Jobs Europe requires not just the necessary training and expertise in data analysis, technique, and communication, but also a PhD or equivalent degree. Research Academic Jobs Europe provides education, outreach, and monitoring according to the type of contract and its role."
 },
 
 {   
  "break1": true,   
  "Name": "professor",
  "Title": "Academic Professor Jobs Europe",
  "Description": "A broad range of specialisations and subjects may be offered by Professor Academic Jobs Europe, contingent on the organisation and level of expertise.",
  "Keyword": "Academic Professor Jobs Europe",
  "content": "Professor Academic Jobs: Europe is home to several academic fields with strongholds, including computer science, medicine, engineering, chemistry, and law. Teaching, overseeing employees and students, carrying out original and significant research, publishing in books and academic journals, submitting grant and funding applications, working with other academics and institutions, interacting with businesses and the community, and participating in academic governance and administration are all included in professorial positions at Academic Jobs Europe."
 },
 {
  "Name": "executive",
  "Title": "Academic Executive Jobs Europe",
  "Description": "Working with capable and dedicated teachers, students, alumni, and other interested parties will allow you to support Executive Academic Jobs Europe's goals and objectives. ",
  "Keyword": "Academic Executive Jobs Europe",
  "content": "Executive academic roles in European higher education involve overseeing, directing, and providing direction for a certain academic department or function. Establish the aims and objectives of the unit or function. manage the financial and personnel resources of the division. supervise educational initiatives and activities. Make sure that certain guidelines are followed when conducting research and offering advice. Students and staff alike are supported and encouraged by Executive Academic Jobs Europe."
 },
 {
  "break1": true,   
  "Name": "admin",
  "Title": "Academic Admin Jobs Europe",
  "Description": "You may work with a bright and diverse team at Admin and Support Academic Jobs Europe by promoting your company's innovative practises and academic standards.  ",
  "Keyword": "Academic Admin Jobs Europe",
  "content": "To be considered for the position, candidates must have professional experience in administrative or support academic jobs in Europe, along with a certificate or higher certification in business administration or a comparable discipline. Effective interpersonal, communication, organisational, and problem-solving abilities are essential for administrative and support jobs at Academic Jobs Europe. Higher education policies and processes, as well as relevant laws and regulations, must be known by academic administrators and support staff."
   
},
 
 {
  "Name": "hr",
  "Title": "Academic HR Jobs Europe",
  "Description": "To be qualified for Human Resources Academic Jobs Europe, one must hold a bachelor's degree or higher in a related discipline, such as human resources management. ",
  "Keyword": "Academic HR Jobs Europe",
  "content": "The management and administration of human resources in postsecondary educational institutions is the primary emphasis of Human Resources Academic Jobs Europe. Academic Jobs Europe's Human Resources department handles recruiting, payroll, benefits, training and development, and compliance. The academic goals of your organisation are outlined in academic human resources job descriptions, and these goals must be taken into consideration while developing and implementing HR policies and procedures."
 },
 {
  "break1": true,   
  "Name": "student",
  "Title": "Academic Student Jobs Europe",
  "Description": "Are you looking for a flexible, fulfilling career on campus? Look through the hundreds of student job ads your school has available in a range of departments and areas. Apply today at Student Jobs on Campus Europe to gain invaluable job experience and skills. ",
  "Keyword": "Student jobs on campus Europe",
  "content": "Students sometimes need to work part-time or with variable hours in several departments at research institutions and universities. Students may improve their academic and social networks, make money, gain real-world work experience, and hone their employability skills by working as academic assistants on campus. Work in offices, customer service, marketing, event organising, information technology, libraries, research, teaching, and other campus professions are among the jobs undertaken by students in Europe."
   

 }
 
 
]
 