[


 {
  
   
  
  "Name": "presidents vice chancellors",
  "Title": "Academic Presidents and Vice Chancellors Jobs ",
  "Description": "Our job board is updated regularly with new and exciting academic presidents and vice chancellors jobs. Don’t miss this chance to advance your career.",
  "Keyword": "Academic presidents vice chancellors Jobs. Academic presidents vice chancellors positions",
  "content": "Academic presidents and vice chancellors jobs are the chief executive officers of their institutions. Academic presidents and vice chancellors jobs are responsible for setting the strategic direction, overseeing the academic quality, managing the financial resources, and representing the institution to external stakeholders. They work closely with other senior leaders, such as provosts, deans, and directors, to ensure the excellence and sustainability of their institutions." },
 {

  "Name": "deputy vice chancellors principals",
  "Title": "Academic Deputy Vice-chancellors and Principals",
  "Description": "Academic deputy vice chancellors and principals jobs are highly rewarding and influential, but also complex and demanding. They require a high level of academic achievement.",
  "Keyword": "Academic deputy vice chancellors principals Jobs. Academic deputy vice chancellors principals positions",
  "content": "Academic deputy vice chancellors and principals jobs are the second-in-command, they support the presidents and vice chancellors in providing strategic direction, academic leadership, and operational management. Academic deputy vice chancellors and principals jobs oversee various portfolios, such as research, education, engagement, innovation, or internationalisation. "  },
 
 {   
  "break1": true,   
  "Name": "academic vice presidents provosts",
  "Title": "Academic Vice Presidents and Provosts Jobs",
  "Description": "If you think you have what it takes to be an academic vice president or provost, or if you want to learn more about these roles, you can browse the current opportunities. ",
  "Keyword": "Aacademic vice presidents provosts Jobs. academic vice presidents provosts positions",
  "content": "Academic vice presidents and provosts jobs develop and implement the academic vision, strategy, and policies. Academic vice presidents and provosts jobs also oversee the quality and integrity of the academic programs, faculty, research, and student success."  },
 {
  "Name": "administrative vice presidents",
  "Title": " Academic Administrative Vice Presidents Jobs",
  "Description": "Contribute to the strategic planning, operational management, and financial sustainability of a university or college with academic administrative vice presidents Jobs.",
  "Keyword": "Academic administrative vice presidents Jobs. Academic administrative vice presidents positions",
  "content": "Academic administrative vice presidents jobs oversee the non-academic functions and services, such as human resources, facilities, information technology, security, legal affairs, and compliance. Academic administrative vice presidents jobs are crucial in implementing the institutional vision, mission, and goals."  },
 {
  "break1": true,   
  "Name": "directors",
  "Title": "Academic Directors Jobs",
  "Description": "Academic directors jobs require a broad knowledge of the trends and issues facing the higher education sector in a global and diverse context. ",
  "Keyword": "Academic HR organisational development Jobs. HR organisational development positions",
  "content": "Academic directors jobs implement the academic vision, strategy, and policies of their institution. Academic directors jobs are in charge of the quality and integrity of the academic programs, faculty, research, and student success."    
},
 
 {
  "Name": "deans",
  "Title": "Academic Deans Jobs",
  "Description": "Discover our Academic deans jobs today if you are an accomplished and visionary academic leader looking for a rewarding and influential role in the higher education sector.",
  "Keyword": "Academic HR recruitment internal Jobs. HR recruitment internal positions",
  "content": "Academic deans jobs are the senior academic leaders of their academic units. Academic deans jobs direct the academic vision, strategy, and policies of their unit. "  },
 {
  "break1": true,   
  "Name": "heads department chairs department Jobs",
  "Title": "Academic Heads of department / Chairs of department Jobs",
  "Description": "Academic heads, department chairs, and department jobs are responsible for developing and implementing the academic vision, strategy, and policies of their department.  ",
  "Keyword": "Academic heads, department chairs, and department jobs. Academic heads, department chairs, and department positions",
  "content": "Academic heads, department chairs, and department jobs are challenging and rewarding, but also complex and demanding. They require a high level of academic achievement, administrative competence, interpersonal skills, and visionary leadership. Academic heads, department chairs, and department jobs also require a broad knowledge of the trends and issues facing the higher education sector in a global and diverse context."  },
 {
  "Name": "registrars assistant registrars",
  "Title": "Academic Registrars / Assistant Registrars Jobs",
  "Description": " Do you want to be part of the team that ensures the accuracy, security, and accessibility of academic records and information? If so, check out the academic registrars and assistant registrars jobs on our job board.",
  "Keyword": "Academic registrars and assistant registrars jobs. Academic registrars and assistant registrars positions",
  "content": "Academic registrars and assistant registrars jobs are the custodians of the academic records and information of their institutions. Academic registrars and assistant registrars jobs manage the registration, enrollment, graduation, and transcript processes for students. They also maintain the academic calendar, catalog, policies, and procedures."  },
 
 {
    "Name": "other senior management",
    "Title": "Academic Other Senior Management Jobs",
    "Description": "Our job board is updated regularly with new and exciting academic other senior management jobs. Don’t miss this opportunity to take your career to the next level.",
    "Keyword": "Academic Other Senior Management Jobs. Academic Other Senior Management positions",
    "content": "Academic other senior management jobs are the roles that support the president or vice chancellor, as well as other senior leaders, such as provosts, deans, and directors, in leading and managing their institutions. They include roles such as pro vice-chancellors, associate deans, assistant directors, and other senior managers. Academic other senior management jobs are responsible for overseeing various portfolios, such as research, education, engagement, innovation, or internationalisation. They work collaboratively with other senior leaders, as well as faculty, staff, and students, to ensure the alignment and integration of their activities."    }
]
 