[


 {
  
   
  
  "Name": "lecturer",
  "Title": "Academic Lecturer Jobs India",
  "Description": "See more about Lecturer Academic Jobs India by perusing the list of available higher education lecturer roles on our website.  ",
  "Keyword": "Lecturer Academic Jobs India",
  "content": "View all of the lecture jobs that are open by visiting Lecturer Academic Jobs India. You will have the opportunity to collaborate with some of the most innovative minds in your profession, interact with partners both locally and abroad, and access top-notch facilities and resources when you work as an academic professor. There are many great benefits to working at Lecturer Academic Jobs India, including a great work environment, plenty of amenities, and competitive pay."
},
 {

  "Name": "research",
  "Title": "Academic Research Jobs India",
  "Description": "Do you take pleasure in generating novel concepts and resolving real-world problems? If yes, you might like to apply for a researcher position posted on Research Academic Jobs India to one of the top universities.",
  "Keyword": "Academic Research Jobs India",
  "content": "Innovative and imaginative in their work, academic scholars may collaborate on larger, more ambitious projects in larger groups. A PhD or similar degree is required by Research Academic Jobs India in addition to the required training and experience in data analysis, methodology, and communication. Research Academic Jobs India offers supervision, outreach, and education based on the function and kind of contract."
 },
 
 {   
  "break1": true,   
  "Name": "professor",
  "Title": "Academic Professor Jobs India",
  "Description": "Depending on the organisation and degree of experience, Professor Academic Jobs India may provide a wide choice of disciplines and specialisations. ",
  "Keyword": "Academic Professor Jobs India",
  "content": "Professor Academic Jobs: Computer science, medicine, engineering, chemistry, and law are among the academic disciplines with strongholds in India. Professorial positions at Academic Jobs India include teaching, supervising staff and students, conducting original and significant research, publishing in books and academic journals, applying for grants and funding, collaborating with other academics and institutions, engaging with businesses and the community, and taking part in academic governance and administration."
 },
 {
  "Name": "executive",
  "Title": "Academic Executive Jobs India",
  "Description": "You will be able to support Executive Academic Jobs India's aims and objectives by interacting with competent and committed educators, students, alumni, and other interested parties. ",
  "Keyword": "Academic Executive Jobs India",
  "content": "In Indian higher education, executive academic roles comprise administering, supervising, and giving guidance for a particular academic department or function. Decide on the unit's or function's goals and objectives. oversee the division's human and financial resources. oversee instructional activities and programmes. Ensure that when doing research and providing instruction, stringent rules are adhered to. Executive Academic Jobs India fosters and supports both staff and students."
 },
 {
  "break1": true,   
  "Name": "admin",
  "Title": "Academic Admin Jobs India",
  "Description": "Promoting your company's cutting-edge procedures and academic standards will allow you to collaborate with a clever and diversified workforce at Admin and Support Academic Jobs India. ",
  "Keyword": "Academic Admin Jobs India",
  "content": "Candidates must hold a diploma or higher certification in business administration or a related field, as well as professional experience in administrative or support academic roles in India, in order to be considered for the role. At Academic Jobs India, administrative and support roles need strong interpersonal, communication, organisational, and problem-solving skills. Academic administrators and support personnel need to be aware of applicable laws and regulations, as well as higher education policies and procedures."
   
},
 
 {
  "Name": "hr",
  "Title": "Academic HR Jobs India",
  "Description": "A bachelor's degree or above in a related field, such human resources management, is required to be eligible for Human Resources Academic Jobs India. ",
  "Keyword": "Academic HR Jobs India",
  "content": "Human Resources Academic Jobs India focuses mostly on the management and administration of human resources in postsecondary educational institutions. The Human Resources division of Academic Jobs India is in charge of hiring, payroll, benefits, training and development, and compliance. Academic human resources job descriptions specify your organization's academic aims, which must be reflected in the development and implementation of HR policies and procedures."
 },
 {
  "break1": true,   
  "Name": "student",
  "Title": "Academic Student Jobs India",
  "Description": "Are you trying to find a flexible, satisfying job on campus? Examine the hundreds of job postings for students offered by your institution in a variety of departments and fields. Send in your application to Student Jobs on Campus India right now for the opportunity to get priceless work experience and abilities. ",
  "Keyword": "Student jobs on campus India",
  "content": "Working in many departments part-time or with unpredictable hours is a common need for student employees in universities and research centres. Working as academic assistants on campus allows students to enhance their academic and social networks, earn money, obtain practical job experience, and sharpen their employability skills. Jobs held by students in India include work in offices, customer service, marketing, event planning, information technology, libraries, research, teaching, and other campus professions."
   

 }
 
 
]
 