[


 {
  
   
  
  "Name": "agriculture lecturer",
  "Title": "Academic Agriculture Lecturer Jobs",
  "Description": "To become an academic agriculture lecturer, you typically need to have a doctoral degree in a relevant field, as well as a record of publications and grants.",
  "Keyword": "Academic Agriculture Lecturer Jobs. Academic Agriculture Lecturer positions",
  "content": "Academic agriculture lecturers are responsible for designing and delivering courses, conducting and supervising research, and engaging with industry and community partners in the areas of agriculture, food, and natural resources. They work in universities, colleges, or other higher education institutions that offer programs in agricultural science, agribusiness, animal science, plant science, soil science, environmental science, or related disciplines." },
 {

  "Name": "business lecturer",
  "Title": "Academic Business Lecturer Jobs",
  "Description": "Academic business lecturer jobs are highly competitive and rewarding. They offer opportunities for intellectual growth, professional development, and career advancement.",
  "Keyword": "Academic Business Lecturer Jobs. Academic Business Lecturer positions",
  "content": "To become an academic business lecturer, you typically need to have a doctoral degree in a relevant field, as well as a record of publications and grants. Depending on the level of the position, you may also need to have prior teaching experience, a proven track record of research excellence and impact, and leadership skills. You should also have excellent communication skills, a passion for learning and innovation, and a commitment to diversity and inclusion."  },
 
 {   
   
  "Name": "communications lecturer",
  "Title": "Academic Communications Lecturer Jobs",
  "Description": "Academic communications lecturers work in the areas of communications, media, journalism, public relations, or related disciplines. ",
  "Keyword": "Academic Communications Lecturer Jobs. Academic Communications Lecturer positions",
  "content": "Academic communications lecturer jobs is a teaching and research position in a university or college that focuses on the study of communication processes, theories, and practices. Communication is a broad and interdisciplinary field that encompasses various areas such as media studies, journalism, public relations, advertising, intercultural communication, organizational communication, digital communication, and more."  },
 {
  "Name": "education lecturer",
  "Title": "Academic Education Lecturer Jobs",
  "Description": "Some positions may also require additional qualifications or skills such as industry experience, professional accreditation, or language proficiency.",
  "Keyword": "Academic Education Lecturer Jobs. Academic Education Lecturer positions",
  "content": "Academic education lecturer jobs focus on the education practices. Academic education lecturer positions involve themselves in curriculum and pedagogy, educational psychology, educational leadership, educational policy, educational technology, and special education."  },
 {
   
  "Name": "fine applied arts lecturer",
  "Title": "Academic Fine Applied Arts Lecturer Jobs",
  "Description": "If you are looking for an academic fine applied arts lecturer job, you can start your search on this academic job board. ",
  "Keyword": "Academic Fine Applied Arts Lecturer Jobs. Academic Fine Applied Arts Lecturer positions",
  "content": "Academic fine applied arts lecturer jobs surround the fine and applied arts methods. Academic Fine and applied arts jobs cover painting, sculpture, photography, graphic design, illustration, animation, film, fashion, ceramics."    
},
 
 {
  "Name": "health sciences lecturer",
  "Title": "Academic Health Sciences Lecturer Jobs",
  "Description": "Do you want to join a dynamic and diverse academic community that values excellence, innovation, and collaboration? If so, you might be interested in applying for an academic sciences lecturer job.",
  "Keyword": "Academic Health Sciences Lecturer Jobs. Academic Health Sciences Lecturer positions",
  "content": "Academic health sciences lecturer jobs include sciences proceedings and theories. Academic Health Sciences Lecturer Jobs involve biology, chemistry, physics, mathematics, computer science, engineering."  },
 {
   
  "Name": "law legal studies lecturer",
  "Title": "Academic Law And Legal Studies Lecturer Jobs",
  "Description": "View all the latest job opportunities in law and legal studies from various universities and colleges around the world. ",
  "Keyword": "Academic Law And Legal Studies Lecturer Jobs. Academic Law And Legal Studies Lecturer positions",
  "content": "Academic law legal studies lecturer jobs contain the law and legal studies undertakings. Academic Law And Legal Studies Lecturer Jobs build on constitutional law, criminal law, civil law, international law, human rights law, environmental law, business law."  },
 {
  "Name": "liberal arts lecturer",
  "Title": "Academic Liberal Arts Lecturer Jobs",
  "Description": "Are you passionate about teaching and researching in the field of liberal arts? Join a dynamic and diverse academic community that values excellence, innovation, and collaboration.",
  "Keyword": "Academic Liberal Arts Lecturer Jobs. Academic Liberal Arts Lecturer positions",
  "content": "Academic liberal arts lecturer jobs embrace liberal arts practices. Academic Liberal Arts Lecturer Jobs can teach humanities, social sciences, languages, arts."  },
 {
  "Name": "medicine lecturer",
  "Title": "Academic Medicine Lecturer Jobs",
  "Description": "Design and deliver courses in medicine at undergraduate and postgraduate levels, Supervise and mentor students in their academic projects, dissertations.",
  "Keyword": "Academic Medicine Lecturer Jobs. Medicine Lecturer positions",
  "content": "Academic medicine lecturer jobs incorporates medicine operations and procedures. Academic Medicine Lecturer Jobs consists of anatomy, physiology, pathology, pharmacology, immunology, microbiology, surgery, pediatrics, psychiatry."  },
 {
  
  "Name": "science lecturer",
  "Title": "Academic Science Lecturer Jobs",
  "Description": "To be eligible for an academic science lecturer job, you will typically need to have a PhD degree in science or a related discipline.",
  "Keyword": "Academic Science Lecturer Jobs. Academic Science Lecturer positions",
  "content": "Academic science lecturer jobs account for science systems. Academic science lecturer jobs is made up of biology, chemistry, physics, mathematics, computer science, engineering."  },
 {
  "Name": "technical career lecturer",
  "Title": "Academic Technical Career Lecturer Jobs",
  "Description": " Do you want to join a dynamic and diverse academic community that values excellence, innovation, and collaboration? If so, you might be interested in applying for an academic technical career lecturer job.",
  "Keyword": "Academic Technical Career Lecturer Jobs. Academic Technical Career Lecturer positions",
  "content": "Academic technical career lecturer jobs follow technical career means. Academic technical career lecturer jobs can span engineering, information technology, health sciences, business."  }
 
]
 