[


 {
  
   
  
  "Name": "lecturer",
  "Title": "Academic Lecturer Jobs Middle East",
  "Description": "Browse our website's list of open positions for lecturers in higher education to learn more about Lecturer Academic Jobs Middle East.  ",
  "Keyword": "Lecturer Academic Jobs Middle East",
  "content": "Look up every lecture position with Lecturer Academic Jobs Middle East. Academic professor positions provide a range of benefits, including the opportunity to collaborate with esteemed colleagues worldwide, interact with top-tier facilities and resources, and connect with partners both domestically and globally. Working at Lecturer Academic Jobs Middle East offers additional benefits including competitive compensation, lots of privileges, and a happy environment."
},
 {

  "Name": "research",
  "Title": "Academic Research Jobs Middle East",
  "Description": "Do you enjoy learning new things and finding solutions to practical issues? If so, you might choose to apply to one of the best institutions for a researcher post listed on Research Academic Jobs Middle East.",
  "Keyword": "Academic Research Jobs Middle East",
  "content": "Academic researchers are creative and innovative in their professions, sometimes working in bigger groups or on larger projects. A PhD or similar degree is required for Research Academic Jobs Middle East in addition to the necessary education and expertise in data analysis, methodology, and communication. Depending on the role and type of contract, Research Academic Jobs Middle East includes outreach, monitoring, and instruction."
 },
 
 {   
  "break1": true,   
  "Name": "professor",
  "Title": "Academic Professor Jobs Middle East",
  "Description": "Depending on the company and the expertise, Professor Academic Jobs Middle East may span a broad range of subjects and disciplines. ",
  "Keyword": "Academic Professor Jobs Middle East",
  "content": "Professor Academic Jobs Middle East are available in a number of academic fields, including computer science, medicine, engineering, chemistry, and law. Teaching, overseeing employees and students, carrying out original and significant research, publishing in books and academic journals, submitting grant and funding applications, working with other academics and institutions, interacting with businesses and the community, and participating in academic governance and administration are all included in positions as professors at Academic Jobs Middle East.."
 },
 {
  "Name": "executive",
  "Title": "Academic Executive Jobs Middle East",
  "Description": "You will have the chance to advance Executive Academic Jobs Middle East's aims and objectives by interacting with competent and committed educators, students, alumni, and other interested parties.  ",
  "Keyword": "Academic Executive Jobs Middle East",
  "content": "In an institution of higher learning, executive academic jobs in Middle East involve supervising, controlling, and giving guidance for a particular academic department or function. Decide on the unit's or function's goals and objectives. oversee the unit's human and financial resources. oversee programmes and activities for academics. Ensure that research and education follow rigorous protocols. Executive Academic Jobs Middle East also supports and nurtures students and employees."
 },
 {
  "break1": true,   
  "Name": "admin",
  "Title": "Academic Admin Jobs Middle East",
  "Description": "At Admin and Support Academic Jobs Middle East, you will get the chance to work with a varied and brilliant group of individuals while elevating the academic standards and state-of-the-art practises of your organisation.   ",
  "Keyword": "Academic Admin Jobs Middle East",
  "content": "To be eligible for work, candidates must have work experience in administrative or support academic jobs in Middle East and hold a diploma or higher certification in business administration or a comparable discipline. Strong interpersonal, communication, organisational, and problem-solving abilities are necessary for Academic Jobs Middle East's Admin and Support roles. Higher education policies and procedures, as well as relevant laws and regulations, must be understood by academic administrators and support staff."
   
},
 
 {
  "Name": "hr",
  "Title": "Academic HR Jobs Middle East",
  "Description": "To be eligible for Human Resources Academic Jobs Middle East, you must hold a bachelor's degree or higher in a related discipline, such as human resources management.",
  "Keyword": "Academic HR Jobs Middle East",
  "content": "The administration and management of human resources in higher education institutions is the topic of Human Resources Academic Jobs Middle East. Academic Jobs Middle East's Human Resources department handles hiring, training and development, payroll, benefits, and compliance. Job descriptions for academic human resources need the creation and execution of HR policies and processes that support your organization's academic goals."
 },
 {
  "break1": true,   
  "Name": "student",
  "Title": "Academic Student Jobs Middle East",
  "Description": "Are you looking for a fulfilling, flexible career on campus? Examine the hundreds of student job ads your institution has available in a variety of departments and areas. Submit your application to Student Jobs on Campus Middle East right now to get important skills and job experience. ",
  "Keyword": "Student jobs on campus Middle East",
  "content": "Working part-time or irregular hours in several departments is part of being a student employee at a university or research institute. Students may improve their academic and social networks, make money, gain real-world work experience, and hone their employability skills by working as academic assistants on campus. Office work, customer service, marketing, event organising, information technology, library work, research, teaching, and other campus professions are all examples of student jobs in Middle East."
   

 }
 
 
]
 