[


 {
  
   
  
  "Name": "lecturer",
  "Title": "Academic Lecturer Jobs New Zealand",
  "Description": "To find out more about Lecturer Academic Jobs New Zealand, peruse the list of available vacancies for lecturers in higher education on our website.  ",
  "Keyword": "Lecturer Academic Jobs New Zealand",
  "content": "Visit Lecturer Academic Jobs New Zealand to get a list of all available lecture roles. Serving as a professor in an academic setting may provide you the opportunity to work with some of the most creative minds in your field, access first-rate facilities and resources, and establish connections with partners both locally and beyond. In addition to a comfortable workplace and a tonne of amenities, Lecturer Academic Jobs New Zealand provide many fantastic advantages, such a competitive income."
},
 {

  "Name": "research",
  "Title": "Academic Research Jobs New Zealand",
  "Description": "Are you interested in discovering novel insights and solving real-world problems? If yes, you may decide to apply for a researcher position posted on Research Academic Jobs New Zealand to one of the top universities.",
  "Keyword": "Academic Research Jobs New Zealand",
  "content": "In their line of work, academic scholars are inventive and creative; they occasionally collaborate on larger projects or work in larger groups. Research Academic Jobs New Zealand requires a PhD or comparable degree in addition to the essential coursework and experience in data analysis, methodology, and communication. Research Academic Jobs New Zealand offers outreach, monitoring, and instruction, depending on the position and contract type."
 },
 
 {   
  "break1": true,   
  "Name": "professor",
  "Title": "Academic Professor Jobs New Zealand",
  "Description": "Professor Academic Jobs New Zealand may cover a wide range of topics and disciplines, depending on the organisation and the level of experience. ",
  "Keyword": "Academic Professor Jobs New Zealand",
  "content": "Numerous academic disciplines, such as computer science, medicine, engineering, chemistry, and law, are home to Professor Academic Jobs New Zealand. Professorial positions at Academic Jobs New Zealand include teaching, supervising staff and students, conducting original and significant research, publishing in books and academic journals, applying for grants and funding, collaborating with other academics and institutions, engaging with businesses and the community, and taking part in academic governance and administration."
 },
 {
  "Name": "executive",
  "Title": "Academic Executive Jobs New Zealand",
  "Description": "Through your interactions with capable and dedicated teachers, students, alumni, and other interested parties, you will have the opportunity to further the goals and objectives of Executive Academic Jobs New Zealand. ",
  "Keyword": "Academic Executive Jobs New Zealand",
  "content": "In New Zealandn higher education, executive academic posts involve administering, supervising, and giving guidance for a particular academic department or function. Decide on the unit's or function's goals and objectives. oversee the division's human and financial resources. oversee academic activities and courses. Ensure that rigorous protocols are adhered to in both research and teaching. Executive Academic Jobs New Zealand supports and nurtures employees as well as learners."
 },
 {
  "break1": true,   
  "Name": "admin",
  "Title": "Academic Admin Jobs New Zealand",
  "Description": "As you advance the academic standards and state-of-the-art practises of your organisation, you will have the chance to collaborate with a smart and varied team at Admin and Support Academic Jobs New Zealand.    ",
  "Keyword": "Academic Admin Jobs New Zealand",
  "content": "Candidates must possess a diploma or higher certification in business administration or a related field, as well as work experience in administrative or support academic roles in New Zealand, in order to be considered for employment. Academic Jobs New Zealand requires strong interpersonal, communication, organisational, and problem-solving skills for its administrative and support jobs. Academic administrators and support personnel need to be aware of applicable laws and regulations, as well as higher education policies and procedures."
   
},
 
 {
  "Name": "hr",
  "Title": "Academic HR Jobs New Zealand",
  "Description": "A bachelor's degree or above in a relevant field, such human resources management, is required to be eligible for Human Resources Academic Jobs New Zealand. ",
  "Keyword": "Academic HR Jobs New Zealand",
  "content": "Human Resources Academic Jobs New Zealand focuses on the management and administration of human resources in postsecondary educational institutions. The Human Resources division of Academic Jobs New Zealand is in charge of hiring, payroll, benefits, training and development, and compliance. Academic human resources job descriptions must complement your organization's academic objectives through the development and implementation of HR policies and procedures."
 },
 {
  "break1": true,   
  "Name": "student",
  "Title": "Academic Student Jobs New Zealand",
  "Description": "Are you trying to find a flexible, rewarding job on campus? Look through the hundreds of student job postings that your school has in a range of departments and fields. Send in your application to Student Jobs on Campus New Zealand right now to gain valuable work experience and skills.",
  "Keyword": "Student jobs on campus New Zealand",
  "content": "One of the responsibilities of being a student employee at a university or research centre is working irregular hours or part-time in many departments. Working as academic assistants on campus allows students to enhance their academic and social networks, earn money, obtain practical job experience, and sharpen their employability skills. In New Zealand, student occupations include work in offices, customer service, marketing, event planning, information technology, libraries, research, teaching, and other campus professions."
   

 }
 
 
]
 