[
 
 {

  "Name": "professor",
  "Title": "Academic Professor Jobs",
  "Description": "If you are ready to take the next step in your academic career, apply now for a professor job.",
  "Keyword": "Academic Professor Jobs. Professor positions",
  "content": "Academic professor Jobs are highly rewarding and satisfying. They allow you to use your skills and knowledge to advance your discipline and field, as well as to shape the future of education and society. They also allow you to enjoy a prestigious and fulfilling work-life balance. If you are ready for a new challenge and a rewarding experience, apply for more professor Jobs today!"
 },
 
 {      
  "Name": "lab technician",
  "Title": "Academic Lab Technician Jobs",
  "Description": "As a lab technician, you will have the opportunity to work with some of the best researchers and educators in your field. ",
  "Keyword": "Academic Lab Technician Jobs. Lab Technician positions",
  "content": "Are you a skilled and reliable worker who enjoys working in a laboratory setting with science and technology? Do you have a keen interest in lab technician jobs? If so, you should apply for a lab technician jobs at one of the renowned universities on AcademicJobs."
 },
 {
  "Name": "assistant professor",
  "Title": "Academic Assistant Professor Jobs",
  "Description": "Do you have a PhD or equivalent qualification in your field of study? If so, you might be interested in applying for an assistant professor position at one of the outstanding universities",
  "Keyword": "Academic Assistant Professor Jobs. Assistant Professor positions",
  "content": "Assistant professor jobs are early-career academic staff who are expected to deliver high-quality education to undergraduate and postgraduate students, conduct original and impactful research in their fields of interest, and contribute to the academic community and society. Assistant professor jobs typically require a PhD or equivalent qualification, as well as relevant publications, grants, awards, and experience."
 },
 {
 
  "Name": "associate professor",
  "Title": "Academic Associate Professor Jobs",
  "Description": "Academicjobs has hundreds of academic associate professor opportunities from leading universities, research institutes, and private companies. ",
  "Keyword": "Academic Associate Professor Jobs. Associate Professor positions",
  "content": "If you are ready to take the next step in your academic career, apply now for an associate professor jobs in academia. You will need to submit your CV, cover letter, and other relevant documents as per the application instructions. Don’t miss this chance to join the academic community and make a difference as an academic associate professor jobs."
   
},
 {
 
  "Name": "postdoctoral researcher",
  "Title": "Academic Postdoctoral Researcher Jobs",
  "Description": "As a postdoctoral researcher, you will have the chance to work with leading academics from across the globe, build your international network, and enhance your skills and competencies.",
  "Keyword": "Academic Postdoctoral Researcher Jobs. Postdoctoral Researcher positions",
  "content": "Postdoctoral researcher jobs are highly competitive and selective. Therefore, it is important to prepare your application carefully and tailor it to the specific requirements of the position. You may also want to contact the potential supervisor or employer directly to express your interest and ask any questions you may have on the postdoctoral researcher jobs."
 },
 {
  "Name": "postdoctoral fellow",
  "Title": "Academic Postdoctoral Fellow Jobs",
  "Description": "Postdoctoral fellow jobs are an excellent way to enhance your research skills and experience, expand your professional network, and advance your career prospects.",
  "Keyword": "Academic Postdoctoral Fellow Jobs. Postdoctoral Fellow positions",
  "content": "To be eligible for postdoctoral fellow jobs, you will need to have a PhD or equivalent qualification in a relevant discipline, a strong track record of publications and presentations, and excellent communication and interpersonal skills. For postdoctoral fellow jobs you will also need to demonstrate your ability to work independently and collaboratively, as well as your passion and enthusiasm for research."
 },
 {
  "Name": "visiting global academic",
  "Title": "Academic Visiting Global Jobs",
  "Description": "Do you want to work on collaborative and interdisciplinary projects that have global impact and relevance? If so, you might be interested in applying for one of the visiting global academic jobs available on this page.",
  "Keyword": "visiting global academic Jobs. visiting global academic positions",
  "content": "Visiting global academic jobs are short-term or temporary positions that allow academics to work in a different institution, country, or region for a specified period of time. Visiting global academic jobs are designed to foster international exchange, cooperation, and innovation in research and teaching. They also offer academics the opportunity to expand their professional network, enhance their skills and competencies, and enrich their personal and cultural experiences."
 },
 {
  "Name": "visiting scholar fellow",
  "Title": "Academic Visiting Scholar or Fellow Jobs",
  "Description": "All the best entomology university jobs and university careers. Search lecturing, research and faculty academic positions, university jobs and university careers in entomology. Go to academic entomology jobs and higher ed position today.",
  "Keyword": "visiting scholar fellow Jobs. visiting scholar fellow positions",
  "content": "Visiting scholar fellow jobs conduct research at a host institution, either independently or as part of a research team. They are designed to foster academic exchange, innovation, and impact in research and teaching. Visiting scholar fellow jobs offer scholars the opportunity to access new resources, facilities, and networks, as well as to enhance their skills and competencies."
 },
 {
  "Name": "tutor",
  "Title": "Academic Tutor Jobs",
  "Description": "Do you want to work in a flexible and rewarding environment where you can make a difference in students’ academic performance and confidence? If so, you might be interested in applying for one of the academic tutor jobs available on this page.",
  "Keyword": "Academic Tutor Jobs. Tutor positions",
  "content": "Academic tutor jobs provide individual or group tutoring lessons to students in various subjects and skills. Academic tutor jobs help students improve their understanding of concepts, prepare for exams, complete assignments, and achieve their learning goals. They also provide feedback, guidance, and encouragement to students."
 },
 {
  "Name": "other positions",
  "Title": "Other Positions",
  "Description": "Do you have skills and experience that can support and enhance the research and teaching activities of universities and research institutions? If so, you might be interested in applying for one of the Academic Other Jobs available on this page.",
  "Keyword": "Academic Other Jobs. Other positions",
  "content": "Academic other positions are jobs that are not directly related to research or teaching, but are essential for the smooth and successful operation of the academic sector. Academic other positions include roles such as administration, management, finance, human resources, marketing, communication, IT, library, student services, and more. They provide support and advice to academic staff and students, as well as to external stakeholders and partners."
 }
]
 