[


 {
  
   
  
  "Name": "agriculture professor",
  "Title": "Academic Agriculture professor Jobs",
  "Description": "If you are looking for academic agriculture professor jobs, you can browse through our job board to find the latest opportunities in this diverse and rewarding field.",
  "Keyword": "Academic Agriculture professor Jobs. Academic Agriculture professor positions",
  "content": "Academic agriculture professor jobs can be related to the science of agriculture, such as agronomy, animal science, horticulture, plant science, soil science, food science, agricultural economics, agricultural engineering, agricultural extension, and many other academic agriculture professor jobs." },
 {

  "Name": "business professor",
  "Title": "Academic Business professor Jobs",
  "Description": "You can find academic business professor jobs that match your qualifications and interests.",
  "Keyword": "Academic business professor Jobs. Academic business professor positions",
"content": "Academic business professor jobs involve the practices of business, such as accounting, finance, marketing, management, economics, entrepreneurship, international business, business law, business ethics, and more Academic business professor jobs."  },
 
 {   
    
  "Name": "communications professor",
  "Title": "Academic Communications professor Jobs",
  "Description": "Join our community of talented and passionate communications professors today and start your journey towards a fulfilling academic career.  ",
  "Keyword": "Academic Communications professor Jobs. Academic Communications professor positions",
  "content": "Academic communications professor jobs can cover media studies, journalism, public relations, advertising, digital media, intercultural communication, organizational communication, rhetoric, and other academic communications professor jobs."  },
 {
  "Name": "education professor",
  "Title": "Academic Education professor Jobs",
  "Description": "Academic education professor jobs are positions that involve teaching, research, or both, in a university or research institute setting. ",
  "Keyword": "Academic Education professor Jobs. Academic Education professor positions",
  "content": "Academic education professor jobs are associated with curriculum and instruction, educational psychology, educational leadership, educational technology, special education, teacher education, and alternative academic education professor jobs."  },
 {
  
  "Name": "fine applied arts professor",
  "Title": "Academic Fine Applied Arts Lecturer Jobs",
  "Description": "You can also check out some of the best search results for academic education professor jobs below. ",
  "Keyword": "Academic Fine Applied Arts professor Jobs. Academic Fine Applied Arts professor positions",
  "content": "Academic fine applied arts professor jobs touch on visual arts, performing arts, design, digital media, and additional academic fine applied arts professor jobs."    
},
 
 {
  "Name": "health sciences professor",
  "Title": "Academic Health Sciences professor Jobs",
  "Description": "Academic Health Sciences professor Jobs require a high level of expertise, creativity, and leadership, as well as the ability to communicate effectively with students, colleagues, and the public.",
  "Keyword": "Academic Health Sciences professor Jobs. Academic Health Sciences professor positions",
  "content": "Academic health sciences professor jobs entail medicine, nursing, pharmacy, dentistry, public health, allied health, biomedical sciences, and extra academic health sciences professor jobs."  },
 {
    
  "Name": "law legal studies professor",
  "Title": "Academic Law And Legal Studies professor Jobs",
  "Description": "Our job board is updated regularly with academic law legal studies professor jobs from reputable institutions around the world.   ",
  "Keyword": "Academic Law Legal Studies professor Jobs. Academic Law Legal Studies professor positions",
  "content": "Academic law legal studies professor jobs incorporate constitutional law, criminal law, civil law, international law, human rights law, environmental law, corporate law, intellectual property law, legal history, legal philosophy, legal sociology, legal education, and further academic law legal studies professor jobs."  },
 {
  "Name": "liberal arts professor",
  "Title": "Academic Liberal Arts professor Jobs",
  "Description": "On AcademicJobs you can also sign up for email alerts to get notified of new postings that suit your preferences for academic Liberal Arts professor Jobs.",
  "Keyword": "Academic Liberal Arts professor Jobs. Academic Liberal Arts professor positions",
  "content": " Academic liberal arts professor jobs comprehend humanities, social sciences, and natural sciences, such as literature, history, philosophy, languages, art, music, psychology, sociology, anthropology, political science, economics, biology, chemistry, physics, and supplementary academic liberal arts professor jobs."  },
 {
  "Name": "medicine professor",
  "Title": "Academic Medicine professor Jobs",
  "Description": "If you are passionate about academic medicine professor jobs you can access useful resources and tips on how to prepare your application materials, ace your interviews, and negotiate your salary.  ",
  "Keyword": "Academic Medicine professor Jobs. Academic Medicine professor positions",
  "content": "Academic medicine professor jobs contain anatomy, physiology, pathology, pharmacology, immunology, microbiology, surgery, pediatrics, psychiatry, radiology, oncology, cardiology, neurology, and newly added academic medicine professor jobs."  },
 {
  
  "Name": "science professor",
  "Title": "Academic Science professor Jobs",
  "Description": "With AcademicJobs, you can discover academic science professor jobs that cover a wide range of topics and disciplines related to the natural sciences.  ",
  "Keyword": "Academic science professor jobs. Academic science professor positions",
  "content": "Academic science professor jobs are comprised of the natural sciences, such as biology, chemistry, physics, astronomy, geology, ecology, and increasing academic science professor jobs."  },
 {
  "Name": "technical career professor",
  "Title": "Academic Technical Career professor Jobs",
  "Description": "All the best entomology university jobs and university careers. Search lecturing, professor and faculty academic positions, university jobs and university careers in entomology. Go to academic entomology jobs and higher ed position today.",
  "Keyword": "Academic Technical Career professor Jobs. Academic Technical Career professor positions",
  "content": "Academic technical career professor jobs take account of vocational education and training (TVET), like engineering, technology, trades, business, health, hospitality, tourism, and new academic technical career professor jobs."  }
 
]
 