[
  {
    "Name": "lecturer",
    "Title": "Academic Lecturer Jobs South America",
    "Description": "Browse our website's list of open positions for lecturers in higher education to learn more about Lecturer Academic Jobs South America.  ",
    "Keyword": "Lecturer Academic Jobs South America",
    "content": "Visit Lecturer Academic Jobs South America to view all available lecture positions. Working as an academic professor will provide you the chance to cooperate with some of the most creative minds in your field, engage with partners both domestically and internationally, and use first-rate facilities and resources. Working at Lecturer Academic Jobs South America also offers excellent perks such as a fantastic work atmosphere, lots of amenities, and fair remuneration."
  },
  {
    "Name": "research",
    "Title": "Academic Research Jobs South America",
    "Description": "Do you enjoy coming up with original ideas and finding solutions to practical issues? If so, you can want to apply to one of the best institutions for a researcher position listed on Research Academic Jobs South America.",
    "Keyword": "Academic Research Jobs South America",
    "content": "Academic researchers are innovative and creative in what they do; on occasion, they work in bigger groups or together on more ambitious projects. In addition to the necessary coursework and expertise in data analysis, technique, and communication, Research Academic Jobs South America demands a PhD or equivalent degree. Depending on the role and contract type, Research Academic Jobs South America provides education, supervision, and outreach."
  },
  {
    "break1": true,
    "Name": "professor",
    "Title": "Academic Professor Jobs South America",
    "Description": "A broad range of subjects and specialisations may be covered by Professor Academic Jobs South America, contingent on the company and experience level.",
    "Keyword": "Academic Professor Jobs South America",
    "content": "Professor Academic Jobs South America is home to several academic fields, including computer science, medicine, engineering, chemistry, and law. Teaching, overseeing employees and students, carrying out original and significant research, publishing in books and academic journals, submitting grant and funding applications, working with other academics and institutions, interacting with businesses and the community, and participating in academic governance and administration are all included in professorial positions at Academic Jobs South America."
  },
  {
    "Name": "executive",
    "Title": "Academic Executive Jobs South America",
    "Description": "Working with bright and committed faculty, students, alumni, and other stakeholders will provide you the chance to support the vision and purpose in Executive Academic Jobs South America.  ",
    "Keyword": "Academic Executive Jobs South America",
    "content": "Executive academic positions in South American higher education entail managing, overseeing, and providing direction for a certain academic division or function. Establish the aims and objectives of the unit or function. manage the financial and personnel resources of the division. manage educational programmes and activities. Make sure that strict guidelines are followed when doing research and instructing. Both employees and students are supported and nurtured by Executive Academic Jobs South America."
  },
  {
    "break1": true,
    "Name": "admin",
    "Title": "Academic Admin Jobs South America",
    "Description": "You will work with an intelligent and diverse team at Admin and Support Academic Jobs South America as you promote the academic standards and cutting-edge practises of your firm.   ",
    "Keyword": "Academic Admin Jobs South America",
    "content": "To be considered for the position, candidates must have professional experience in administrative or support academic jobs in South America, as well as a diploma or higher certification in business administration or a comparable discipline. Strong interpersonal, communication, organisational, and problem-solving abilities are required for administrative and support positions at Academic Jobs South America. Higher education policies and processes, as well as relevant laws and regulations, must be known by academic administrators and support staff."
  },
  {
    "Name": "hr",
    "Title": "Academic HR Jobs South America",
    "Description": "To be qualified for Human Resources Academic Jobs South America, one must hold a bachelor's degree or higher in a related discipline, such as human resources management. ",
    "Keyword": "Academic HR Jobs",
    "content": "The management and administration of human resources in postsecondary educational institutions is the main emphasis of Human Resources Academic Jobs South America. Academic Jobs South America's Human Resources department handles recruiting, payroll, benefits, training and development, and compliance. The creation and execution of HR policies and procedures must align with your organization's academic goals as outlined in academic human resources job descriptions."
  },
  {
    "break1": true,
    "Name": "student",
    "Title": "Academic Student Jobs South America",
    "Description": "On campus, are you looking for a fulfilling, flexible job? Take a look at the hundreds of student job advertisements in various departments and professions that your university provides. For the chance to get invaluable job experience and skills, submit your application to Student Jobs on Campus South America now. ",
    "Keyword": "Student jobs on campus South America",
    "content": "Being a student employee at a university or research centre means that you may have to work many departments part-time or irregular hours. Students may improve their academic and social networks, make money, gain real-world work experience, and hone their employability skills by working as academic assistants on campus. Work in offices, customer service, marketing, event organising, information technology, libraries, research, teaching, and other campus professions are among the jobs held by students in South America."
  }
]
