[


 {
  
   
  
  "Name": "student part time",
  "Title": "Academic student part time Jobs",
  "Description": "If you are interested in student part time jobs on campus and want to make the most of your university experience, don’t miss this chance to find your ideal job.",
  "Keyword": "Academic student part time Jobs. Academic student part time positions",
  "content": "We have a wide range of academic student part time jobs on campus available, from administrative, service, and retail roles to research, teaching, and tutoring roles. Our Academic student part time jobs on campus can make the most of your university experience." },
 {

  "Name": "student casual",
  "Title": "Academic student casual Jobs",
  "Description": "We have a wide range of student casual jobs on campus available, from administrative, service, and retail roles to research, teaching, and tutoring roles.",
  "Keyword": "Academic student casuals Jobs. Academic student casual positions",
  "content": "Working on campus with academic student casual jobs has many benefits, such as: work close to your classes and save time and money on commuting, choose from a variety of work hours and shifts that suit your schedule and availability, can develop your communication, teamwork, problem-solving, and leadership skills in a supportive and professional environment. Academic student casual jobs can network you with faculty, staff, and fellow students and build your connections and references."  },
 
 {   
  
  "Name": "student full time",
  "Title": "Academic student full time Jobs",
  "Description": "As an academic industrial & employee relations job, you will have the opportunity to work with leading scholars and practitioners in the field. ",
  "Keyword": "Academic student full time Jobs. Academic student full time positions",
  "content": "If you are interested in academic student full time jobs on campus and want to make the most of your university experience, don’t miss this chance to find your ideal academic student full time jobs. Apply today and join our community of academic professionals who are working on campus!"  }
 
 
]
 