[
  {
    "Name": "lecturer",
    "Title": "Academic Lecturer Jobs UK",
    "Description": "To find out more about Lecturer Academic Jobs UK, browse the list of available higher education lecturer roles on this website. ",
    "Keyword": "Lecturer Academic Jobs UK",
    "content": "Find every lecture post at Lecturer Academic Jobs UK. Jobs as an academic professor will allow you the ability to interact with partners both locally and abroad, collaborate with some of the most innovative thinkers in your area, and make use of first-rate facilities and resources. Additional benefits of working at Lecturer Academic Jobs UK include competitive compensation, plenty of amenities, and a great work environment."
  },
  {
    "Name": "research",
    "Title": "Academic Research Jobs UK",
    "Description": "Do you take pleasure in discovering new information and solving real-world problems? If so, you might like to apply for a researcher position on Research Academic Jobs UK at one of the top universities.",
    "Keyword": "Academic Research Jobs UK",
    "content": "In their chosen fields, academic scholars do original and imaginative research, sometimes as part of larger teams or projects. Research Academic Jobs UK demands a PhD or equivalent degree in addition to the requisite training and experience in data analysis, methodology, and communication. Research Academic Jobs UK comprises outreach, monitoring, and teaching based on the function and kind of contract."
  },
  {
    "break1": true,
    "Name": "professor",
    "Title": "Academic Professor Jobs UK",
    "Description": "A wide number of topics and disciplines may be covered by Professor Academic Jobs UK, depending on the organisation and the area of specialty. ",
    "Keyword": "Academic Professor Jobs UK",
    "content": "Law, computer science, medicine, chemistry, engineering, and other academic disciplines are among the academic domains in which there are Professor Academic Jobs UK. Professor Academic Jobs UK positions include teaching, supervising staff and students, conducting original and significant research, publishing in books and academic journals, applying for grants and funding, collaborating with other academics and institutions, engaging with businesses and the community, and taking part in academic governance and administration."
  },
  {
    "Name": "executive",
    "Title": "Academic Executive Jobs UK",
    "Description": "Engaging with knowledgeable and dedicated educators, learners, former students, and other interested parties will offer you the opportunity to further the goals and objectives of Executive Academic Jobs UK.  ",
    "Keyword": "Academic Executive Jobs UK",
    "content": "Executive Academic Jobs UK entail overseeing, managing, and providing direction for a certain academic department or function within a higher education establishment. Establish the aims and objectives for the unit or function. Oversee the financial and personnel resources of the unit. Oversee academic initiatives and events. Make sure research and instruction adhere to strict guidelines. Additionally, Executive Academic Jobs UK helps and develops both staff members and students."
  },
  {
    "break1": true,
    "Name": "admin",
    "Title": "Academic Admin Jobs UK",
    "Description": "You will have the opportunity to work with a diverse and talented group of people at Admin and Support Academic Jobs UK, all while enhancing the academic standards and cutting-edge procedures of your company.  ",
    "Keyword": "Academic Admin Jobs UK",
    "content": "Work experience in the field of administrative and support academic roles in UK, together with a diploma or higher certification in business administration or a related field, are requirements for employment. For Admin and Support Academic Jobs UK, strong interpersonal, communication, organisational, and problem-solving skills are required. Academic administrators and support staff members must be familiar with higher education policies and processes, as well as pertinent laws and regulations."
  },
  {
    "Name": "hr",
    "Title": "Academic HR Jobs UK",
    "Description": "You must have a bachelor's degree or above in a relevant field, such human resources management, in order to be eligible for Human Resources Academic Jobs UK. ",
    "Keyword": "Academic HR Jobs UK",
    "content": "Human Resources Academic Jobs UK focuses on the administration and management of HR in higher education institutions. Human Resources Academic Jobs UK is responsible for recruiting, performance management, training and development, payroll, benefits, and compliance. Academic human resources job descriptions call for the development and implementation of HR procedures and policies that uphold the academic objectives of your organisation."
  },
  {
    "break1": true,
    "Name": "student",
    "Title": "Academic Student Jobs UK",
    "Description": "Are you trying to find a flexible, satisfying job on campus? Look over the hundreds of student postings in various departments and fields that your university is offering. Apply right now to Student Jobs on Campus UK to gain valuable work experience and skills. ",
    "Keyword": "Student jobs on campus UK",
    "content": "Student employment in a university or research centre involves working irregular hours or part-time in a range of departments. Through academic student employment on campus, students have the opportunity to enhance their academic and social networks, earn money, get practical job experience, and develop employability skills. Student Jobs on Campus UK include office work, customer service, marketing, events planning, information technology, library work, research, teaching, and other student jobs on campus."
  }
]
